-- Progettazione Web 
DROP DATABASE if exists simoncini_636010; 
CREATE DATABASE simoncini_636010; 
USE simoncini_636010; 
-- MySQL dump 10.13  Distrib 5.6.20, for Win32 (x86)
--
-- Host: localhost    Database: simoncini_636010
-- ------------------------------------------------------
-- Server version	5.6.20

/*!40101 SET @OLD_CHARACTER_SET_CLIENT=@@CHARACTER_SET_CLIENT */;
/*!40101 SET @OLD_CHARACTER_SET_RESULTS=@@CHARACTER_SET_RESULTS */;
/*!40101 SET @OLD_COLLATION_CONNECTION=@@COLLATION_CONNECTION */;
/*!40101 SET NAMES utf8 */;
/*!40103 SET @OLD_TIME_ZONE=@@TIME_ZONE */;
/*!40103 SET TIME_ZONE='+00:00' */;
/*!40014 SET @OLD_UNIQUE_CHECKS=@@UNIQUE_CHECKS, UNIQUE_CHECKS=0 */;
/*!40014 SET @OLD_FOREIGN_KEY_CHECKS=@@FOREIGN_KEY_CHECKS, FOREIGN_KEY_CHECKS=0 */;
/*!40101 SET @OLD_SQL_MODE=@@SQL_MODE, SQL_MODE='NO_AUTO_VALUE_ON_ZERO' */;
/*!40111 SET @OLD_SQL_NOTES=@@SQL_NOTES, SQL_NOTES=0 */;

--
-- Table structure for table `degreecourse`
--

DROP TABLE IF EXISTS `degreecourse`;
/*!40101 SET @saved_cs_client     = @@character_set_client */;
/*!40101 SET character_set_client = utf8 */;
CREATE TABLE `degreecourse` (
  `id` int(11) NOT NULL,
  `name` varchar(128) NOT NULL,
  `area` varchar(128) NOT NULL,
  `level` varchar(32) NOT NULL,
  PRIMARY KEY (`id`)
) ENGINE=InnoDB DEFAULT CHARSET=latin1;
/*!40101 SET character_set_client = @saved_cs_client */;

--
-- Dumping data for table `degreecourse`
--

LOCK TABLES `degreecourse` WRITE;
/*!40000 ALTER TABLE `degreecourse` DISABLE KEYS */;
INSERT INTO `degreecourse` VALUES (1,'Medicina veterinaria','Agraria e Veterinaria','Magistrale ciclo unico 5 anni'),(2,'Scienze agrarie','Agraria e Veterinaria','Triennale'),(3,'Scienze dei prodotti erboristici e della salute','Agraria e Veterinaria','Triennale'),(4,'Scienze e tecnologie delle produzioni animali','Agraria e Veterinaria','Triennale'),(5,'Tecniche di allevamento animale ed educazione cinofila','Agraria e Veterinaria','Triennale'),(6,'Viticoltura ed enologia','Agraria e Veterinaria','Triennale'),(7,'Discipline dello spettacolo e della comunicazione','Discipline umanistiche','Triennale'),(8,'Filosofia','Discipline umanistiche','Triennale'),(9,'Informatica umanistica','Discipline umanistiche','Triennale'),(10,'Lettere','Discipline umanistiche','Triennale'),(11,'Lingua e cultura italiana per stranieri','Discipline umanistiche','Triennale'),(12,'Lingue e letterature straniere','Discipline umanistiche','Triennale'),(13,'Scienze dei beni culturali','Discipline umanistiche','Triennale'),(14,'Scienze del turismo','Discipline umanistiche','Triennale'),(15,'Scienze della formazione primaria','Discipline umanistiche','Triennale'),(16,'Scienze per la pace','Discipline umanistiche','Triennale'),(17,'Storia','Discipline umanistiche','Triennale'),(18,'Ingegneria aerospaziale','Ingegneria','Triennale'),(19,'Ingegneria biomedica','Ingegneria','Triennale'),(20,'Ingegneria chimica','Ingegneria','Triennale'),(21,'Ingegneria civile ambientale e edile','Ingegneria','Triennale'),(22,'Ingegneria dell`energia','Ingegneria','Triennale'),(23,'Ingegneria delle telecomunicazioni','Ingegneria','Triennale'),(24,'Ingegneria edile-architettura','Ingegneria','Magistrale ciclo unico 5 anni'),(25,'Ingegneria elettronica','Ingegneria','Triennale'),(26,'Ingegneria gestionale','Ingegneria','Triennale'),(27,'Ingegneria informatica','Ingegneria','Triennale'),(28,'Ingegneria meccanica','Ingegneria','Triennale'),(29,'Ingegneria per il design industriale','Ingegneria','Triennale'),(30,'Scienze marittime e navali','Ingegneria','Triennale'),(31,'Tecniche per la meccanica e la produzione','Ingegneria','Triennale'),(32,'Tecniche per le costruzioni civili e la gestione del territorio','Ingegneria','Triennale'),(33,'Chimica e tecnologia farmaceutiche','Medicina e Farmacia','Triennale'),(34,'Dietistica','Medicina e Farmacia','Triennale'),(35,'Farmacia','Medicina e Farmacia','Magistrale ciclo unico 5 anni'),(36,'Fisioterapia','Medicina e Farmacia','Triennale'),(37,'Igiene dentale','Medicina e Farmacia','Triennale'),(38,'Infermieristica','Medicina e Farmacia','Triennale'),(39,'Logopedia','Medicina e Farmacia','Triennale'),(40,'Medicina e chirurgia','Medicina e Farmacia','Magistrale ciclo unico 6 anni'),(41,'Odontoiatria e protesi dentaria','Medicina e Farmacia','Magistrale ciclo unico 5 anni'),(42,'Ostetricia','Medicina e Farmacia','Triennale'),(43,'Podologia','Medicina e Farmacia','Triennale'),(44,'Scienze dei prodotti erboristici e della salute','Medicina e Farmacia','Triennale'),(45,'Scienze e tecniche di psicologia clinica e sperimentale','Medicina e Farmacia','Triennale'),(46,'Scienze motorie','Medicina e Farmacia','Triennale'),(47,'Tecnica della riabilitazione psichiatrica','Medicina e Farmacia','Triennale'),(48,'Tecniche audioprotesiche','Medicina e Farmacia','Triennale'),(49,'Tecniche della prevenzione nell`ambiente e nei luoghi di lavoro','Medicina e Farmacia','Triennale'),(50,'Tecniche di laboratorio biomedico','Medicina e Farmacia','Triennale'),(51,'Tecniche di radiologia medica, per immagini e radioterapia','Medicina e Farmacia','Triennale'),(52,'Terapia della neuro e psicomotricita` dell`eta` evolutiva','Medicina e Farmacia','Triennale'),(53,'Banca, finanza e mercati finanziari','Scienze giuridiche, economiche e sociali','Triennale'),(54,'Diritto dell`impresa, del lavoro e delle pubbliche amministrazioni','Scienze giuridiche, economiche e sociali','Triennale'),(55,'Economia aziendale','Scienze giuridiche, economiche e sociali','Triennale'),(56,'Economia e commercio','Scienze giuridiche, economiche e sociali','Triennale'),(57,'Economia e legislazione dei sistemi logistici','Scienze giuridiche, economiche e sociali','Triennale'),(58,'Giurisprudenza','Scienze giuridiche, economiche e sociali','Magistrale ciclo unico 5 anni'),(59,'Giurisprudenza (Accademia Navale)','Scienze giuridiche, economiche e sociali','Magistrale ciclo unico 5 anni'),(60,'Management for business and economics','Scienze giuridiche, economiche e sociali','Triennale'),(61,'Scienze del servizio sociale','Scienze giuridiche, economiche e sociali','Triennale'),(62,'Scienze del turismo','Scienze giuridiche, economiche e sociali','Triennale'),(63,'Scienze marittime e navali','Scienze giuridiche, economiche e sociali','Triennale'),(64,'Scienze politiche','Scienze giuridiche, economiche e sociali','Triennale'),(65,'Biotecnologie','Scienze matematiche, fisiche e della natura','Triennale'),(66,'Chimica','Scienze matematiche, fisiche e della natura','Triennale'),(67,'Chimica per l`industria e l`ambiente','Scienze matematiche, fisiche e della natura','Triennale'),(68,'Fisica','Scienze matematiche, fisiche e della natura','Triennale'),(69,'Geology','Scienze matematiche, fisiche e della natura','Triennale'),(70,'Informatica','Scienze matematiche, fisiche e della natura','Triennale'),(71,'Informatica umanistica','Scienze matematiche, fisiche e della natura','Triennale'),(72,'Matematica','Scienze matematiche, fisiche e della natura','Triennale'),(73,'Scienze biologiche','Scienze matematiche, fisiche e della natura','Triennale'),(74,'Scienze geologiche','Scienze matematiche, fisiche e della natura','Triennale'),(75,'Scienze marittime e navali','Scienze matematiche, fisiche e della natura','Triennale'),(76,'Scienze naturali ed ambientali','Scienze matematiche, fisiche e della natura','Triennale'),(77,'Biosicurezza e qualita` degli alimenti','Agraria e Veterinaria','Magistrale'),(78,'Biotecnologie vegetali e microbiche','Agraria e Veterinaria','Magistrale'),(79,'Innovazione sostenibile in viticoltura ed enologia','Agraria e Veterinaria','Magistrale'),(80,'Progettazione e gestione del verde urbano e del paesaggio','Agraria e Veterinaria','Magistrale'),(81,'Scienze e tecnologie delle produzioni animali','Agraria e Veterinaria','Magistrale'),(82,'Sistemi agricoli sostenibili','Agraria e Veterinaria','Magistrale'),(83,'Archeologia','Discipline umanistiche','Magistrale'),(84,'Filologia e storia dell`antichita`','Discipline umanistiche','Magistrale'),(85,'Filosofia e forme del sapere','Discipline umanistiche','Magistrale'),(86,'Informatica umanistica','Discipline umanistiche','Magistrale'),(87,'Italianistica','Discipline umanistiche','Magistrale'),(88,'Lingue, letterature e filologie euro - americane','Discipline umanistiche','Magistrale'),(89,'Linguistica e traduzione','Discipline umanistiche','Magistrale'),(90,'Orientalistica: egitto, vicino e medio oriente','Discipline umanistiche','Magistrale'),(91,'Scienze per la pace','Discipline umanistiche','Magistrale'),(92,'Storia e civilta`','Discipline umanistiche','Magistrale'),(93,'Storia e forme delle arti visive, dello spettacolo e dei nuovi media','Discipline umanistiche','Magistrale'),(94,'Artificial intelligence and data engineering','Ingegneria','Magistrale'),(95,'Bionics engineering','Ingegneria','Magistrale'),(96,'Computer engineering','Ingegneria','Magistrale'),(97,'Cybersecurity','Ingegneria','Magistrale'),(98,'Ingegneria aerospaziale','Ingegneria','Magistrale'),(99,'Ingegneria biomedica','Ingegneria','Magistrale'),(100,'Ingegneria chimica','Ingegneria','Magistrale'),(101,'Ingegneria dei veicoli','Ingegneria','Magistrale'),(102,'Ingegneria delle infrastrutture civili e dell`ambiente','Ingegneria','Magistrale'),(103,'Ingegneria delle telecomunicazioni','Ingegneria','Magistrale'),(104,'Ingegneria elettrica','Ingegneria','Magistrale'),(105,'Ingegneria elettronica','Ingegneria','Magistrale'),(106,'Ingegneria energetica','Ingegneria','Magistrale'),(107,'Ingegneria gestionale','Ingegneria','Magistrale'),(108,'Ingegneria meccanica','Ingegneria','Magistrale'),(109,'Ingegneria nucleare','Ingegneria','Magistrale'),(110,'Ingegneria robotica e dell`automazione','Ingegneria','Magistrale'),(111,'Ingegneria strutturale e edile','Ingegneria','Magistrale'),(112,'Materials and nanotechnology','Ingegneria','Magistrale'),(113,'Tecnologia e produzione della carta e del cartone','Ingegneria','Magistrale'),(114,'Psicologia clinica e scienze comportamentali','Medicina e Farmacia','Magistrale'),(115,'Scienze della nutrizione umana','Medicina e Farmacia','Magistrale'),(116,'Scienze e tecniche delle attivita` motorie preventive e adattate','Medicina e Farmacia','Magistrale'),(117,'Scienze infermieristiche e ostetriche','Medicina e Farmacia','Magistrale'),(118,'Scienze riabilitative delle professioni sanitarie','Medicina e Farmacia','Magistrale'),(119,'Banca, finanza aziendale e mercati finanziari','Scienze giuridiche, economiche e sociali','Magistrale'),(120,'Comunicazione d`impresa e politica delle risorse umane','Scienze giuridiche, economiche e sociali','Magistrale'),(121,'Consulenza professionale alle aziende','Scienze giuridiche, economiche e sociali','Magistrale'),(122,'Diritto dell`innovazione per l`impresa e le istituzioni','Scienze giuridiche, economiche e sociali','Magistrale'),(123,'Economics','Scienze giuridiche, economiche e sociali','Magistrale'),(124,'Gestione e innovazione dei servizi sociali, imprenditorialita` sociale e management del terzo settore','Scienze giuridiche, economiche e sociali','Magistrale'),(125,'Istituzioni, politica e societa`','Scienze giuridiche, economiche e sociali','Magistrale'),(126,'Management e controllo dei processi logistici','Scienze giuridiche, economiche e sociali','Magistrale'),(127,'Marketing e ricerche di mercato','Scienze giuridiche, economiche e sociali','Magistrale'),(128,'Progettazione e gestione dei sistemi turistici mediterranei','Scienze giuridiche, economiche e sociali','Magistrale'),(129,'Scienze marittime e navali','Scienze giuridiche, economiche e sociali','Magistrale'),(130,'Strategia, management e controllo','Scienze giuridiche, economiche e sociali','Magistrale'),(131,'Unione europea, processi globali e sostenibilita` dello sviluppo','Scienze giuridiche, economiche e sociali','Magistrale'),(132,'Biologia applicata alla biomedicina','Scienze matematiche, fisiche e della natura','Magistrale'),(133,'Biologia marina','Scienze matematiche, fisiche e della natura','Magistrale'),(134,'Biologia molecolare e cellulare','Scienze matematiche, fisiche e della natura','Magistrale'),(135,'Biotechnologies and applied artificial intelligence for health','Scienze matematiche, fisiche e della natura','Magistrale'),(136,'Biotecnologie molecolari','Scienze matematiche, fisiche e della natura','Magistrale'),(137,'Chimica','Scienze matematiche, fisiche e della natura','Magistrale'),(138,'Chimica industriale','Scienze matematiche, fisiche e della natura','Magistrale'),(139,'Conservazione ed evoluzione','Scienze matematiche, fisiche e della natura','Magistrale'),(140,'Cybersecurity','Scienze matematiche, fisiche e della natura','Magistrale'),(141,'Data science and business informatics','Scienze matematiche, fisiche e della natura','Magistrale'),(142,'Exploration and applied geophysics','Scienze matematiche, fisiche e della natura','Magistrale'),(143,'Fisica','Scienze matematiche, fisiche e della natura','Magistrale'),(144,'Informatica','Scienze matematiche, fisiche e della natura','Magistrale'),(145,'Informatica e networking','Scienze matematiche, fisiche e della natura','Magistrale'),(146,'Informatica umanistica','Scienze matematiche, fisiche e della natura','Magistrale'),(147,'Matematica','Scienze matematiche, fisiche e della natura','Magistrale'),(148,'Materials and nanotechnology','Scienze matematiche, fisiche e della natura','Magistrale'),(149,'Neuroscience','Scienze matematiche, fisiche e della natura','Magistrale'),(150,'Scienze ambientali','Scienze matematiche, fisiche e della natura','Magistrale'),(151,'Scienze e tecnologie geologiche','Scienze matematiche, fisiche e della natura','Magistrale');
/*!40000 ALTER TABLE `degreecourse` ENABLE KEYS */;
UNLOCK TABLES;

--
-- Table structure for table `document`
--

DROP TABLE IF EXISTS `document`;
/*!40101 SET @saved_cs_client     = @@character_set_client */;
/*!40101 SET character_set_client = utf8 */;
CREATE TABLE `document` (
  `id` int(11) NOT NULL AUTO_INCREMENT,
  `extension` varchar(8) NOT NULL DEFAULT '.txt',
  `title` varchar(128) NOT NULL,
  `subtitle` varchar(512) DEFAULT NULL,
  `uploadDate` datetime NOT NULL DEFAULT CURRENT_TIMESTAMP,
  `lastModified` datetime NOT NULL DEFAULT CURRENT_TIMESTAMP,
  `subject` int(11) NOT NULL,
  `owner` int(11) NOT NULL,
  `downloadcounter` int(11) NOT NULL DEFAULT '0',
  PRIMARY KEY (`id`),
  KEY `subject` (`subject`),
  KEY `owner` (`owner`),
  CONSTRAINT `document_ibfk_1` FOREIGN KEY (`subject`) REFERENCES `subject` (`id`),
  CONSTRAINT `document_ibfk_2` FOREIGN KEY (`owner`) REFERENCES `user` (`id`)
) ENGINE=InnoDB AUTO_INCREMENT=2190 DEFAULT CHARSET=latin1;
/*!40101 SET character_set_client = @saved_cs_client */;

--
-- Dumping data for table `document`
--

LOCK TABLES `document` WRITE;
/*!40000 ALTER TABLE `document` DISABLE KEYS */;
INSERT INTO `document` VALUES (10,'.txt','Overview','prima lezione','2024-04-16 18:55:06','2024-04-16 18:55:06',97,-1,163),(11,'.txt','Overview',NULL,'2024-04-16 18:55:06','2024-04-16 18:55:06',80,-1,38),(20,'.txt','Requisiti',NULL,'2024-04-16 18:55:06','2024-04-16 18:55:06',97,-1,130),(21,'.txt','Requisiti',NULL,'2024-04-16 18:55:06','2024-04-16 18:55:06',80,-1,117),(30,'.txt','Vettori in R3','terza lezione','2024-04-16 18:55:06','2024-04-16 18:55:06',97,-1,161),(31,'.txt','Vettori in nello spazio',NULL,'2024-04-16 18:55:06','2024-04-16 18:55:06',80,-1,19),(40,'.txt','Prodotto vettoriale',NULL,'2024-04-16 18:55:06','2024-04-16 18:55:06',97,-1,13),(41,'.txt','Prodotto vettoriale',NULL,'2024-04-16 18:55:06','2024-04-16 18:55:06',80,-1,45),(50,'.txt','Mappe','lezione del 14/10/2021','2024-04-16 18:55:06','2024-04-16 18:55:06',97,-1,186),(51,'.txt','Mappe','lezione del 14/10/2021','2024-04-16 18:55:06','2024-04-16 18:55:06',80,-1,19),(60,'.txt','Prodotto scalare',NULL,'2024-04-16 18:55:06','2024-04-16 18:55:06',97,-1,90),(61,'.txt','Il prodotto scalare',NULL,'2024-04-16 18:55:06','2024-04-16 18:55:06',63,-1,110),(80,'.txt','Sistema lineare',NULL,'2024-04-16 18:55:06','2024-04-16 18:55:06',97,-2,90),(81,'.txt','Sistema lineare','lezione recuperata','2024-04-16 18:55:06','2024-04-16 18:55:06',63,-2,40),(90,'.txt','Sottospazi','sottospazio vettoriale in RN','2024-04-16 18:55:06','2024-04-16 18:55:06',97,-7,180),(91,'.txt','Sottospazi e basi','sottospazio vettoriale','2024-04-16 18:55:06','2024-04-16 18:55:06',63,-2,23),(100,'.txt','Base','base di uno spazio','2024-04-16 18:55:06','2024-04-16 18:55:06',97,-3,30),(110,'.txt','Row echelon','forma e studio','2024-04-16 18:55:06','2024-04-16 18:55:06',97,-3,10),(111,'.txt','Row echelon','forma e studio','2024-04-16 18:55:06','2024-04-16 18:55:06',63,-3,146),(120,'.txt','Isomorfismo','caratteristiche e ','2024-04-16 18:55:06','2024-04-16 18:55:06',97,-6,163),(121,'.txt','Isomorfismo','caratteristiche e ','2024-04-16 18:55:06','2024-04-16 18:55:06',63,-3,59),(130,'.txt','Matrice','definizione ed esempi','2024-04-16 18:55:06','2024-04-16 18:55:06',97,-6,183),(131,'.txt','Matrice','definizione ed esempi','2024-04-16 18:55:06','2024-04-16 18:55:06',63,-4,8),(140,'.txt','Matrice inversa','calcolo ed esempi','2024-04-16 18:55:06','2024-04-16 18:55:06',97,-4,24),(141,'.txt','Determinante','2x2 e 3x3','2024-04-16 18:55:06','2024-04-16 18:55:06',22,-4,15),(150,'.txt','Determinante','laplace e 2x2','2024-04-16 18:55:06','2024-04-16 18:55:06',97,-4,175),(151,'.txt','Metodo di cramer','esempi','2024-04-16 18:55:06','2024-04-16 18:55:06',22,-5,52),(160,'.txt','Metodo di cramer',NULL,'2024-04-16 18:55:06','2024-04-16 18:55:06',97,-5,200),(161,'.txt','Vettori nel campo complesso',NULL,'2024-04-16 18:55:06','2024-04-16 18:55:06',22,-5,62),(170,'.txt','Vettori complessi',NULL,'2024-04-16 18:55:06','2024-04-16 18:55:06',97,-8,74),(171,'.txt','Eigenvectors',NULL,'2024-04-16 18:55:06','2024-04-16 18:55:06',22,-1,5),(180,'.txt','Autovettori in RN',NULL,'2024-04-16 18:55:06','2024-04-16 18:55:06',97,-1,171),(181,'.txt','Eigenvalues','definition','2024-04-16 18:55:06','2024-04-16 18:55:06',22,-1,141),(190,'.txt','Teorema spettrale','enunciato e dimostrazione','2024-04-16 18:55:06','2024-04-16 18:55:06',97,-5,32),(191,'.txt','Teorema spettrale','lezione 21','2024-04-16 18:55:06','2024-04-16 18:55:06',22,-5,86),(1000,'.txt','Appunti Algebra Lineare e Analisi Matematica II',NULL,'2024-04-16 18:55:06','2024-04-16 18:55:06',97,-2,7),(1001,'.txt','Esercizi svolti Algebra Lineare e Analisi Matematica II',NULL,'2024-04-16 18:55:06','2024-04-16 18:55:06',97,-3,79),(1002,'.txt','Riassunto Algebra Lineare e Analisi Matematica II',NULL,'2024-04-16 18:55:06','2024-04-16 18:55:06',97,-4,73),(1003,'.txt','Appunti Analisi Matematica I',NULL,'2024-04-16 18:55:06','2024-04-16 18:55:06',98,-5,129),(1004,'.txt','Esercizi svolti Analisi Matematica I',NULL,'2024-04-16 18:55:06','2024-04-16 18:55:06',98,-6,123),(1005,'.txt','Riassunto Analisi Matematica I',NULL,'2024-04-16 18:55:06','2024-04-16 18:55:06',98,-7,77),(1006,'.txt','Dispense Basi di dati',NULL,'2024-04-16 18:55:06','2024-04-16 18:55:06',99,-8,18),(1007,'.txt','Esercizi svolti Basi di dati',NULL,'2024-04-16 18:55:06','2024-04-16 18:55:06',99,-9,9),(1008,'.txt','Progetto Basi di dati','Sviluppo di un database','2024-04-16 18:55:06','2024-04-16 18:55:06',99,-10,142),(1009,'.txt','Appunti Fondamenti di Programmazione',NULL,'2024-04-16 18:55:06','2024-04-16 18:55:06',100,-11,79),(1010,'.txt','Esercizi svolti Fondamenti di Programmazione',NULL,'2024-04-16 18:55:06','2024-04-16 18:55:06',100,-12,123),(1011,'.txt','Progetto Fondamenti di Programmazione','Sviluppo di un programma','2024-04-16 18:55:06','2024-04-16 18:55:06',100,-13,77),(1012,'.txt','Appunti Fisica Generale I',NULL,'2024-04-16 18:55:06','2024-04-16 18:55:06',101,-14,17),(1013,'.txt','Riassunto Fisica Generale I',NULL,'2024-04-16 18:55:06','2024-04-16 18:55:06',101,-15,6),(1014,'.txt','Esercizi svolti Fisica Generale I',NULL,'2024-04-16 18:55:06','2024-04-16 18:55:06',101,-16,130),(1015,'.txt','Appunti Algoritmi e strutture dati',NULL,'2024-04-16 18:55:06','2024-04-16 18:55:06',102,-17,27),(1016,'.txt','Esercizi svolti Algoritmi e strutture dati',NULL,'2024-04-16 18:55:06','2024-04-16 18:55:06',102,-18,47),(1017,'.txt','Progetto Algoritmi e strutture dati','Implementazione di un algoritmo','2024-04-16 18:55:06','2024-04-16 18:55:06',102,-19,4),(1018,'.pdf','Appunti Ricerca Operativa',NULL,'2024-04-16 18:55:06','2024-04-16 18:55:06',103,-20,30),(1019,'.pdf','Esercizi svolti Ricerca Operativa',NULL,'2024-04-16 18:55:06','2024-04-16 18:55:06',103,-21,140),(1020,'.pdf','Progetto Ricerca Operativa','Ottimizzazione di un processo','2024-04-16 18:55:06','2024-04-16 18:55:06',103,-22,5),(1021,'.txt','Dispense Fondamenti di Automatica',NULL,'2024-04-16 18:55:06','2024-04-16 18:55:06',104,-23,58),(1022,'.txt','Esercizi svolti Fondamenti di Automatica',NULL,'2024-04-16 18:55:06','2024-04-16 18:55:06',104,-24,126),(1023,'.txt','Progetto Fondamenti di Automatica','Controllo di un sistema','2024-04-16 18:55:06','2024-04-16 18:55:06',104,-1,3),(1024,'.txt','Appunti Reti Logiche',NULL,'2024-04-16 18:55:06','2024-04-16 18:55:06',105,-2,92),(1025,'.txt','Esercizi svolti Reti Logiche',NULL,'2024-04-16 18:55:06','2024-04-16 18:55:06',105,-3,148),(1026,'.txt','Progetto Reti Logiche','Sviluppo di una rete logica','2024-04-16 18:55:06','2024-04-16 18:55:06',105,-4,13),(1027,'.css','Dispense Progettazione WEB',NULL,'2024-04-16 18:55:06','2024-04-16 18:55:06',106,-5,175),(1028,'.css','Esercizi svolti Progettazione WEB grafica',NULL,'2024-04-16 18:55:06','2024-04-16 18:55:06',106,-6,135),(1029,'.css','Guida pratica CSS','Sviluppo di un sito web','2024-04-16 18:55:06','2024-04-16 18:55:06',106,-7,200),(1030,'.txt','Appunti Elettrotecnica',NULL,'2024-04-16 18:55:06','2024-04-16 18:55:06',107,-8,60),(1031,'.txt','Esercizi svolti Elettrotecnica',NULL,'2024-04-16 18:55:06','2024-04-16 18:55:06',107,-9,65),(1032,'.txt','Riassunto Elettrotecnica',NULL,'2024-04-16 18:55:06','2024-04-16 18:55:06',107,-10,144),(1033,'.txt','Appunti Calcolo Numerico',NULL,'2024-04-16 18:55:06','2024-04-16 18:55:06',108,-11,72),(1034,'.txt','Esercizi svolti Calcolo Numerico',NULL,'2024-04-16 18:55:06','2024-04-16 18:55:06',108,-12,81),(1035,'.txt','Progetto Calcolo Numerico','Implementazione di un algoritmo numerico','2024-04-16 18:55:06','2024-04-16 18:55:06',108,-13,36),(1036,'.txt','Appunti Calcolatori Elettronici',NULL,'2024-04-16 18:55:06','2024-04-16 18:55:06',109,-14,92),(1037,'.txt','Esercizi svolti Calcolatori Elettronici',NULL,'2024-04-16 18:55:06','2024-04-16 18:55:06',109,-15,48),(1038,'.txt','Progetto Calcolatori Elettronici','Sviluppo di un circuito elettronico','2024-04-16 18:55:06','2024-04-16 18:55:06',109,-16,116),(1039,'.txt','Appunti Economia e Organizzazione Aziendale',NULL,'2024-04-16 18:55:06','2024-04-16 18:55:06',110,-17,135),(1040,'.txt','Riassunto Economia e Organizzazione Aziendale',NULL,'2024-04-16 18:55:06','2024-04-16 18:55:06',110,-18,26),(1041,'.txt','Esercizi svolti Economia e Organizzazione Aziendale',NULL,'2024-04-16 18:55:06','2024-04-16 18:55:06',110,-19,26),(1042,'.txt','Appunti Elettronica Digitale',NULL,'2024-04-16 18:55:06','2024-04-16 18:55:06',111,-21,52),(1043,'.txt','Esercizi svolti Elettronica Digitale',NULL,'2024-04-16 18:55:06','2024-04-16 18:55:06',111,-22,31),(1044,'.txt','Progetto Elettronica Digitale','Sviluppo di circuiti elettronici digitali','2024-04-16 18:55:06','2024-04-16 18:55:06',111,-23,2),(1045,'.txt','Appunti Sistemi Operativi',NULL,'2024-04-16 18:55:06','2024-04-16 18:55:06',112,-18,66),(1046,'.txt','Esercizi svolti Sistemi Operativi',NULL,'2024-04-16 18:55:06','2024-04-16 18:55:06',112,-19,21),(1047,'.txt','Progetto Sistemi Operativi','Sviluppo di un sistema operativo','2024-04-16 18:55:06','2024-04-16 18:55:06',112,-20,62),(1048,'.txt','Appunti Reti Informatiche',NULL,'2024-04-16 18:55:06','2024-04-16 18:55:06',113,-5,96),(1049,'.txt','Esercizi svolti Reti Informatiche',NULL,'2024-04-16 18:55:06','2024-04-16 18:55:06',113,-6,142),(1050,'.txt','Progetto Reti Informatiche','Sviluppo di una rete informatica','2024-04-16 18:55:06','2024-04-16 18:55:06',113,-7,121),(1051,'.txt','Appunti Ingegneria del software',NULL,'2024-04-16 18:55:06','2024-04-16 18:55:06',114,-8,30),(1052,'.txt','Esercizi svolti Ingegneria del software',NULL,'2024-04-16 18:55:06','2024-04-16 18:55:06',114,-9,90),(1053,'.txt','Progetto Ingegneria del software','Sviluppo di un software','2024-04-16 18:55:06','2024-04-16 18:55:06',114,-10,57),(1054,'.txt','Appunti Comunicazioni Numeriche',NULL,'2024-04-16 18:55:06','2024-04-16 18:55:06',115,-24,17),(1055,'.txt','Esercizi svolti Comunicazioni Numeriche',NULL,'2024-04-16 18:55:06','2024-04-16 18:55:06',115,-1,66),(1056,'.txt','Progetto Comunicazioni Numeriche','Sviluppo di sistemi di comunicazione','2024-04-16 18:55:06','2024-04-16 18:55:06',115,-2,128),(1057,'.html','Esempio pagina WEB',NULL,'2024-04-16 18:55:06','2024-04-16 18:56:55',106,-5,193),(1058,'.html','Esercizi svolti Progettazione WEB',NULL,'2024-04-16 18:55:06','2024-04-16 18:55:06',106,-6,110),(1059,'.html','Guida pratica sviluppo web','Sviluppo di un sito web','2024-04-16 18:55:06','2024-04-16 18:55:06',106,-7,178),(2000,'.txt','Appunti Ingegneria dei Materiali',NULL,'2024-04-16 18:55:06','2024-04-16 18:55:06',1,-20,93),(2001,'.txt','Esercizi svolti Ingegneria dei Materiali',NULL,'2024-04-16 18:55:06','2024-04-16 18:55:06',1,-21,8),(2002,'.txt','Riassunto Ingegneria dei Materiali',NULL,'2024-04-16 18:55:06','2024-04-16 18:55:06',1,-22,64),(2003,'.txt','Appunti Chimica',NULL,'2024-04-16 18:55:06','2024-04-16 18:55:06',2,-23,95),(2004,'.txt','Esercizi svolti Chimica',NULL,'2024-04-16 18:55:06','2024-04-16 18:55:06',2,-24,83),(2005,'.txt','Riassunto Chimica',NULL,'2024-04-16 18:55:06','2024-04-16 18:55:06',2,-1,29),(2006,'.txt','Dispense Disegno Tecnico Industriale',NULL,'2024-04-16 18:55:06','2024-04-16 18:55:06',3,-2,99),(2007,'.txt','Esercizi svolti Disegno Tecnico Industriale',NULL,'2024-04-16 18:55:06','2024-04-16 18:55:06',3,-3,5),(2008,'.txt','Progetto Disegno Tecnico Industriale','Realizzazione di un disegno tecnico','2024-04-16 18:55:06','2024-04-16 18:55:06',3,-4,30),(2009,'.txt','Appunti Geometria e Algebra Lineare',NULL,'2024-04-16 18:55:06','2024-04-16 18:55:06',4,-5,36),(2010,'.txt','Esercizi svolti Geometria e Algebra Lineare',NULL,'2024-04-16 18:55:06','2024-04-16 18:55:06',4,-6,92),(2011,'.txt','Riassunto Geometria e Algebra Lineare',NULL,'2024-04-16 18:55:06','2024-04-16 18:55:06',4,-7,47),(2012,'.txt','Appunti Analisi matematica I',NULL,'2024-04-16 18:55:06','2024-04-16 18:55:06',5,-8,63),(2013,'.txt','Esercizi svolti Analisi matematica I',NULL,'2024-04-16 18:55:06','2024-04-16 18:55:06',5,-9,73),(2014,'.txt','Riassunto Analisi matematica I',NULL,'2024-04-16 18:55:06','2024-04-16 18:55:06',5,-10,75),(2015,'.txt','Appunti Fisica generale I',NULL,'2024-04-16 18:55:06','2024-04-16 18:55:06',6,-11,55),(2016,'.txt','Riassunto Fisica generale I',NULL,'2024-04-16 18:55:06','2024-04-16 18:55:06',6,-12,50),(2017,'.txt','Esercizi svolti Fisica generale I',NULL,'2024-04-16 18:55:06','2024-04-16 18:55:06',6,-13,85),(2018,'.txt','Appunti Meccanica razionale',NULL,'2024-04-16 18:55:06','2024-04-16 18:55:06',7,-14,74),(2019,'.txt','Esercizi svolti Meccanica razionale',NULL,'2024-04-16 18:55:06','2024-04-16 18:55:06',7,-15,14),(2020,'.txt','Riassunto Meccanica razionale',NULL,'2024-04-16 18:55:06','2024-04-16 18:55:06',7,-16,49),(2021,'.txt','Appunti Fisica generale II ed Elettronica',NULL,'2024-04-16 18:55:06','2024-04-16 18:55:06',8,-17,3),(2022,'.txt','Riassunto Fisica generale II ed Elettronica',NULL,'2024-04-16 18:55:06','2024-04-16 18:55:06',8,-18,70),(2023,'.txt','Esercizi svolti Fisica generale II ed Elettronica',NULL,'2024-04-16 18:55:06','2024-04-16 18:55:06',8,-19,37),(2024,'.txt','Appunti Analisi matematica II e Complementi di Analisi Matematica',NULL,'2024-04-16 18:55:06','2024-04-16 18:55:06',9,-20,78),(2025,'.txt','Esercizi svolti Analisi matematica II e Complementi di Analisi Matematica',NULL,'2024-04-16 18:55:06','2024-04-16 18:55:06',9,-21,79),(2026,'.txt','Riassunto Analisi matematica II e Complementi di Analisi Matematica',NULL,'2024-04-16 18:55:06','2024-04-16 18:55:06',9,-22,58),(2027,'.txt','Dispense Tecnologie e Laboratorio di simulazione di impianti aeronautici',NULL,'2024-04-16 18:55:06','2024-04-16 18:55:06',10,-23,56),(2028,'.txt','Esercizi svolti Tecnologie e Laboratorio di simulazione di impianti aeronautici',NULL,'2024-04-16 18:55:06','2024-04-16 18:55:06',10,-24,2),(2029,'.txt','Progetto Tecnologie e Laboratorio di simulazione di impianti aeronautici','Simulazione di un impianto aeronautico','2024-04-16 18:55:06','2024-04-16 18:55:06',10,-1,48),(2030,'.txt','Appunti Termodinamica applicata',NULL,'2024-04-16 18:55:06','2024-04-16 18:55:06',11,-2,30),(2031,'.txt','Esercizi svolti Termodinamica applicata',NULL,'2024-04-16 18:55:06','2024-04-16 18:55:06',11,-3,8),(2032,'.txt','Riassunto Termodinamica applicata',NULL,'2024-04-16 18:55:06','2024-04-16 18:55:06',11,-4,50),(2033,'.txt','Appunti Meccanica applicata alle macchine',NULL,'2024-04-16 18:55:06','2024-04-16 18:55:06',12,-5,23),(2034,'.txt','Esercizi svolti Meccanica applicata alle macchine',NULL,'2024-04-16 18:55:06','2024-04-16 18:55:06',12,-6,69),(2035,'.txt','Riassunto Meccanica applicata alle macchine',NULL,'2024-04-16 18:55:06','2024-04-16 18:55:06',12,-7,74),(2036,'.txt','Appunti Motori per aeromobili e Laboratorio di propulsione aerospaziale',NULL,'2024-04-16 18:55:06','2024-04-16 18:55:06',13,-8,63),(2037,'.txt','Esercizi svolti Motori per aeromobili e Laboratorio di propulsione aerospaziale',NULL,'2024-04-16 18:55:06','2024-04-16 18:55:06',13,-9,94),(2038,'.txt','Progetto Motori per aeromobili e Laboratorio di propulsione aerospaziale','Studio e progettazione di un motore per aeromobili','2024-04-16 18:55:06','2024-04-16 18:55:06',13,-10,80),(2039,'.txt','Appunti Fluidodinamica',NULL,'2024-04-16 18:55:06','2024-04-16 18:55:06',14,-11,19),(2040,'.txt','Esercizi svolti Fluidodinamica',NULL,'2024-04-16 18:55:06','2024-04-16 18:55:06',14,-12,55),(2041,'.txt','Riassunto Fluidodinamica',NULL,'2024-04-16 18:55:06','2024-04-16 18:55:06',14,-13,16),(2042,'.txt','Appunti Scienza delle costruzioni',NULL,'2024-04-16 18:55:06','2024-04-16 18:55:06',15,-14,17),(2043,'.txt','Esercizi svolti Scienza delle costruzioni',NULL,'2024-04-16 18:55:06','2024-04-16 18:55:06',15,-15,36),(2044,'.txt','Riassunto Scienza delle costruzioni',NULL,'2024-04-16 18:55:06','2024-04-16 18:55:06',15,-16,32),(2045,'.txt','Dispense Tecnologia delle costruzioni aeronautiche',NULL,'2024-04-16 18:55:06','2024-04-16 18:55:06',16,-17,50),(2046,'.txt','Esercizi svolti Tecnologia delle costruzioni aeronautiche',NULL,'2024-04-16 18:55:06','2024-04-16 18:55:06',16,-18,55),(2047,'.txt','Progetto Tecnologia delle costruzioni aeronautiche','Studio e progettazione di una struttura aeronautica','2024-04-16 18:55:06','2024-04-16 18:55:06',16,-19,22),(2090,'.txt','Appunti Calcolo numerico',NULL,'2024-04-16 18:55:06','2024-04-16 18:55:06',17,-20,48),(2091,'.txt','Esercizi svolti Calcolo numerico',NULL,'2024-04-16 18:55:06','2024-04-16 18:55:06',17,-21,72),(2092,'.txt','Riassunto Calcolo numerico',NULL,'2024-04-16 18:55:06','2024-04-16 18:55:06',17,-22,16),(2093,'.txt','Appunti Fisica Generale I',NULL,'2024-04-16 18:55:06','2024-04-16 18:55:06',18,-23,66),(2094,'.txt','Riassunto Fisica Generale I',NULL,'2024-04-16 18:55:06','2024-04-16 18:55:06',18,-24,80),(2095,'.txt','Esercizi svolti Fisica Generale I',NULL,'2024-04-16 18:55:06','2024-04-16 18:55:06',18,-1,2),(2096,'.txt','Appunti Principi di Chimica per Ingegneria',NULL,'2024-04-16 18:55:06','2024-04-16 18:55:06',19,-2,74),(2097,'.txt','Esercizi svolti Principi di Chimica per Ingegneria',NULL,'2024-04-16 18:55:06','2024-04-16 18:55:06',19,-3,62),(2098,'.txt','Riassunto Principi di Chimica per Ingegneria',NULL,'2024-04-16 18:55:06','2024-04-16 18:55:06',19,-4,87),(2099,'.txt','Dispense Elementi di economia e operations management',NULL,'2024-04-16 18:55:06','2024-04-16 18:55:06',20,-5,48),(2100,'.txt','Esercizi svolti Elementi di economia e operations management',NULL,'2024-04-16 18:55:06','2024-04-16 18:55:06',20,-6,81),(2101,'.txt','Progetto Elementi di economia e operations management','Analisi economica di un processo biomedico','2024-04-16 18:55:06','2024-04-16 18:55:06',20,-7,61),(2102,'.txt','Appunti Analisi Matematica I',NULL,'2024-04-16 18:55:06','2024-04-16 18:55:06',21,-8,60),(2103,'.txt','Esercizi svolti Analisi Matematica I',NULL,'2024-04-16 18:55:06','2024-04-16 18:55:06',21,-9,16),(2104,'.txt','Riassunto Analisi Matematica I',NULL,'2024-04-16 18:55:06','2024-04-16 18:55:06',21,-10,2),(2105,'.txt','Appunti Algebra Lineare e Analisi Matematica II',NULL,'2024-04-16 18:55:06','2024-04-16 18:55:06',22,-11,64),(2106,'.txt','Esercizi svolti Algebra Lineare e Analisi Matematica II',NULL,'2024-04-16 18:55:06','2024-04-16 18:55:06',22,-12,12),(2107,'.txt','Riassunto Algebra Lineare e Analisi Matematica II',NULL,'2024-04-16 18:55:06','2024-04-16 18:55:06',22,-13,69),(2134,'.txt','Appunti Fondamenti di Informatica',NULL,'2024-04-16 18:55:06','2024-04-16 18:55:06',23,-21,9),(2135,'.txt','Esercizi svolti Fondamenti di Informatica',NULL,'2024-04-16 18:55:06','2024-04-16 18:55:06',23,-22,37),(2136,'.txt','Progetto Fondamenti di Informatica','Sviluppo di un progetto informatico di base','2024-04-16 18:55:06','2024-04-16 18:55:06',23,-23,61),(2137,'.txt','Appunti Fondamenti di Meccanica per la Bioingegneria',NULL,'2024-04-16 18:55:06','2024-04-16 18:55:06',24,-24,91),(2138,'.txt','Esercizi svolti Fondamenti di Meccanica per la Bioingegneria',NULL,'2024-04-16 18:55:06','2024-04-16 18:55:06',24,-1,73),(2139,'.txt','Progetto Fondamenti di Meccanica per la Bioingegneria','Sviluppo di progetti meccanici per la bioingegneria','2024-04-16 18:55:06','2024-04-16 18:55:06',24,-2,93),(2140,'.txt','Appunti Automatica',NULL,'2024-04-16 18:55:06','2024-04-16 18:55:06',25,-3,44),(2141,'.txt','Esercizi svolti Automatica',NULL,'2024-04-16 18:55:06','2024-04-16 18:55:06',25,-4,41),(2142,'.txt','Progetto Automatica','Sviluppo di sistemi di controllo automatico','2024-04-16 18:55:06','2024-04-16 18:55:06',25,-5,74),(2143,'.txt','Appunti Teoria dei Segnali',NULL,'2024-04-16 18:55:06','2024-04-16 18:55:06',26,-6,44),(2144,'.txt','Esercizi svolti Teoria dei Segnali',NULL,'2024-04-16 18:55:06','2024-04-16 18:55:06',26,-7,1),(2145,'.txt','Progetto Teoria dei Segnali','Sviluppo di sistemi di elaborazione dei segnali','2024-04-16 18:55:06','2024-04-16 18:55:06',26,-8,75),(2146,'.txt','Appunti Fisica Generale II',NULL,'2024-04-16 18:55:06','2024-04-16 18:55:06',27,-9,68),(2147,'.txt','Esercizi svolti Fisica Generale II',NULL,'2024-04-16 18:55:06','2024-04-16 18:55:06',27,-10,15),(2148,'.txt','Progetto Fisica Generale II','Sperimentazioni avanzate in fisica','2024-04-16 18:55:06','2024-04-16 18:55:06',27,-11,73),(2149,'.txt','Appunti Elettrotecnica',NULL,'2024-04-16 18:55:06','2024-04-16 18:55:06',28,-12,20),(2150,'.txt','Esercizi svolti Elettrotecnica',NULL,'2024-04-16 18:55:06','2024-04-16 18:55:06',28,-13,82),(2151,'.txt','Progetto Elettrotecnica','Sviluppo di progetti elettrici','2024-04-16 18:55:06','2024-04-16 18:55:06',28,-14,50),(2152,'.txt','Appunti Biostatistica',NULL,'2024-04-16 18:55:06','2024-04-16 18:55:06',29,-15,2),(2153,'.txt','Esercizi svolti Biostatistica',NULL,'2024-04-16 18:55:06','2024-04-16 18:55:06',29,-16,61),(2154,'.txt','Progetto Biostatistica','Analisi statistica dei dati biomedici','2024-04-16 18:55:06','2024-04-16 18:55:06',29,-17,99),(2155,'.txt','Appunti Principi di Bioingegneria',NULL,'2024-04-16 18:55:06','2024-04-16 18:55:06',30,-18,11),(2156,'.txt','Esercizi svolti Principi di Bioingegneria',NULL,'2024-04-16 18:55:06','2024-04-16 18:55:06',30,-19,62),(2157,'.txt','Progetto Principi di Bioingegneria','Sviluppo di progetti di bioingegneria','2024-04-16 18:55:06','2024-04-16 18:55:06',30,-20,75),(2158,'.txt','Appunti Elettronica',NULL,'2024-04-16 18:55:06','2024-04-16 18:55:06',31,-21,87),(2159,'.txt','Esercizi svolti Elettronica',NULL,'2024-04-16 18:55:06','2024-04-16 18:55:06',31,-22,7),(2160,'.txt','Progetto Elettronica','Sviluppo di circuiti elettronici','2024-04-16 18:55:06','2024-04-16 18:55:06',31,-23,80),(2161,'.txt','Appunti Modelli Compartimentali ed Organi Artificiali',NULL,'2024-04-16 18:55:06','2024-04-16 18:55:06',32,-24,77),(2162,'.txt','Esercizi svolti Modelli Compartimentali ed Organi Artificiali',NULL,'2024-04-16 18:55:06','2024-04-16 18:55:06',32,-1,43),(2163,'.txt','Progetto Modelli Compartimentali ed Organi Artificiali','Sviluppo di modelli biomedici','2024-04-16 18:55:06','2024-04-16 18:55:06',32,-2,88),(2164,'.txt','Appunti Fenomeni di Trasporto biologico',NULL,'2024-04-16 18:55:06','2024-04-16 18:55:06',33,-3,7),(2165,'.txt','Esercizi svolti Fenomeni di Trasporto biologico',NULL,'2024-04-16 18:55:06','2024-04-16 18:55:06',33,-4,73),(2166,'.txt','Progetto Fenomeni di Trasporto biologico','Sviluppo di modelli di trasporto biologico','2024-04-16 18:55:06','2024-04-16 18:55:06',33,-5,42),(2167,'.txt','Appunti Biomeccanica',NULL,'2024-04-16 18:55:06','2024-04-16 18:55:06',34,-6,91),(2168,'.txt','Esercizi svolti Biomeccanica',NULL,'2024-04-16 18:55:06','2024-04-16 18:55:06',34,-7,29),(2169,'.txt','Progetto Biomeccanica','Analisi avanzata di strutture biologiche','2024-04-16 18:55:06','2024-04-16 18:55:06',34,-8,75),(2170,'.txt','Appunti Biomateriali ed impianti protesici',NULL,'2024-04-16 18:55:06','2024-04-16 18:55:06',35,-9,84),(2171,'.txt','Esercizi svolti Biomateriali ed impianti protesici',NULL,'2024-04-16 18:55:06','2024-04-16 18:55:06',35,-10,94),(2172,'.txt','Progetto Biomateriali ed impianti protesici','Sviluppo di materiali per impianti protesici','2024-04-16 18:55:06','2024-04-16 18:55:06',35,-11,17),(2173,'.txt','Appunti Sistemi sensoriali',NULL,'2024-04-16 18:55:06','2024-04-16 18:55:06',36,-12,5),(2174,'.txt','Esercizi svolti Sistemi sensoriali',NULL,'2024-04-16 18:55:06','2024-04-16 18:55:06',36,-13,74),(2175,'.txt','Progetto Sistemi sensoriali','Sviluppo di sistemi per il monitoraggio sensoriale','2024-04-16 18:55:06','2024-04-16 18:55:06',36,-14,55),(2176,'.txt','Appunti Tecnologie Sanitarie e Strumentazione biomedica',NULL,'2024-04-16 18:55:06','2024-04-16 18:55:06',37,-15,55),(2177,'.txt','Esercizi svolti Tecnologie Sanitarie e Strumentazione biomedica',NULL,'2024-04-16 18:55:06','2024-04-16 18:55:06',37,-16,7),(2178,'.txt','Progetto Tecnologie Sanitarie e Strumentazione biomedica','Sviluppo di tecnologie sanitarie','2024-04-16 18:55:06','2024-04-16 18:55:06',37,-17,73),(2179,'.txt','Appunti Fenomeni bioelettrici',NULL,'2024-04-16 18:55:06','2024-04-16 18:55:06',38,-18,43),(2180,'.txt','Esercizi svolti Fenomeni bioelettrici',NULL,'2024-04-16 18:55:06','2024-04-16 18:55:06',38,-19,96),(2181,'.txt','Progetto Fenomeni bioelettrici','Sviluppo di sistemi bioelettrici','2024-04-16 18:55:06','2024-04-16 18:55:06',38,-20,47);
/*!40000 ALTER TABLE `document` ENABLE KEYS */;
UNLOCK TABLES;
/*!50003 SET @saved_cs_client      = @@character_set_client */ ;
/*!50003 SET @saved_cs_results     = @@character_set_results */ ;
/*!50003 SET @saved_col_connection = @@collation_connection */ ;
/*!50003 SET character_set_client  = utf8 */ ;
/*!50003 SET character_set_results = utf8 */ ;
/*!50003 SET collation_connection  = utf8_general_ci */ ;
/*!50003 SET @saved_sql_mode       = @@sql_mode */ ;
/*!50003 SET sql_mode              = 'NO_ENGINE_SUBSTITUTION' */ ;
DELIMITER ;;
/*!50003 CREATE*/ /*!50017 DEFINER=`root`@`localhost`*/ /*!50003 trigger BI_document
before insert on document
for each row
begin
    set new.lastModified = current_timestamp();
    set new.uploadDate = current_timestamp();
    if(new.downloadcounter < 0) then
        signal sqlstate '45000' set message_text = 'downloadcounter field not valid; downloadcounter must be greater than -1';
    end if;
    if(new.lastModified < new.uploadDate) then
        signal sqlstate '45000' set message_text = 'lastModified or uploadDate fields not valid; uploadDate datetime should be preceding or equal to lastModified';
    end if;
end */;;
DELIMITER ;
/*!50003 SET sql_mode              = @saved_sql_mode */ ;
/*!50003 SET character_set_client  = @saved_cs_client */ ;
/*!50003 SET character_set_results = @saved_cs_results */ ;
/*!50003 SET collation_connection  = @saved_col_connection */ ;
/*!50003 SET @saved_cs_client      = @@character_set_client */ ;
/*!50003 SET @saved_cs_results     = @@character_set_results */ ;
/*!50003 SET @saved_col_connection = @@collation_connection */ ;
/*!50003 SET character_set_client  = utf8 */ ;
/*!50003 SET character_set_results = utf8 */ ;
/*!50003 SET collation_connection  = utf8_general_ci */ ;
/*!50003 SET @saved_sql_mode       = @@sql_mode */ ;
/*!50003 SET sql_mode              = 'NO_ENGINE_SUBSTITUTION' */ ;
DELIMITER ;;
/*!50003 CREATE*/ /*!50017 DEFINER=`root`@`localhost`*/ /*!50003 trigger BU_document
before update on document
for each row
begin
    set new.lastModified = current_timestamp();
    if(new.downloadcounter < old.downloadcounter) then
        signal sqlstate '45000' set message_text = 'downloadcounter field not valid; downloadcounter cannot decrease in value';
    end if;
    if(new.lastModified < new.uploadDate) then
        signal sqlstate '45000' set message_text = 'lastModified or uploadDate fields not valid; uploadDate datetime should be preceding or equal to lastModified';
    end if;
end */;;
DELIMITER ;
/*!50003 SET sql_mode              = @saved_sql_mode */ ;
/*!50003 SET character_set_client  = @saved_cs_client */ ;
/*!50003 SET character_set_results = @saved_cs_results */ ;
/*!50003 SET collation_connection  = @saved_col_connection */ ;

--
-- Table structure for table `subject`
--

DROP TABLE IF EXISTS `subject`;
/*!40101 SET @saved_cs_client     = @@character_set_client */;
/*!40101 SET character_set_client = utf8 */;
CREATE TABLE `subject` (
  `id` int(11) NOT NULL,
  `name` varchar(128) NOT NULL,
  `cfu` int(11) NOT NULL DEFAULT '6',
  `year` int(11) NOT NULL DEFAULT '1',
  `degreecourse` int(11) NOT NULL,
  PRIMARY KEY (`id`),
  KEY `degreecourse` (`degreecourse`),
  CONSTRAINT `subject_ibfk_1` FOREIGN KEY (`degreecourse`) REFERENCES `degreecourse` (`id`)
) ENGINE=InnoDB DEFAULT CHARSET=latin1;
/*!40101 SET character_set_client = @saved_cs_client */;

--
-- Dumping data for table `subject`
--

LOCK TABLES `subject` WRITE;
/*!40000 ALTER TABLE `subject` DISABLE KEYS */;
INSERT INTO `subject` VALUES (1,'Ingegneria dei Materiali',6,1,18),(2,'Chimica',6,1,18),(3,'Disegno Tecnico Industriale',12,1,18),(4,'Geometria e Algebra Lineare',12,1,18),(5,'Analisi matematica I',12,1,18),(6,'Fisica generale I',12,1,18),(7,'Meccanica razionale',6,2,18),(8,'Fisica generale II ed Elettronica',12,2,18),(9,'Analisi matematica II e Complementi di Analisi Matematica',12,2,18),(10,'Tecnologie e Laboratorio di simulazione di impianti aeronautici',12,2,18),(11,'Termodinamica applicata',6,2,18),(12,'Meccanica applicata alle macchine',6,2,18),(13,'Motori per aeromobili e Laboratorio di propulsione aerospaziale',12,3,18),(14,'Fluidodinamica',12,3,18),(15,'Scienza delle costruzioni',12,3,18),(16,'Tecnologia delle costruzioni aeronautiche',12,3,18),(17,'Calcolo numerico',6,1,19),(18,'Fisica Generale I',12,1,19),(19,'Principi di Chimica per Ingegneria',6,1,19),(20,'Elementi di economia e operations management',6,1,19),(21,'Analisi Matematica I',12,1,19),(22,'Algebra Lineare e Analisi Matematica II',12,1,19),(23,'Fondamenti di Informatica',6,1,19),(24,'Fondamenti di Meccanica per la Bioingegneria',12,2,19),(25,'Automatica',6,2,19),(26,'Teoria dei Segnali',6,2,19),(27,'Fisica Generale II',6,2,19),(28,'Elettrotecnica',6,2,19),(29,'Biostatistica',6,2,19),(30,'Principi di Bioingegneria',6,2,19),(31,'Elettronica',12,2,19),(32,'Modelli Compartimentali ed Organi Artificiali',12,3,19),(33,'Fenomeni di Trasporto biologico',6,3,19),(34,'Biomeccanica',12,3,19),(35,'Biomateriali ed impianti protesici',12,3,19),(36,'Sistemi sensoriali',12,3,19),(37,'Tecnologie Sanitarie e Strumentazione biomedica',12,3,19),(38,'Fenomeni bioelettrici',12,3,19),(39,'Disegno Tecnico Industriale',6,1,20),(40,'Chimica Generale',12,1,20),(41,'Fisica Generale I',12,1,20),(42,'Algebra Lineare',6,1,20),(43,'Analisi Matematica I',12,1,20),(44,'Chimica Organica',6,1,20),(45,'Strumentazione Industriale Chimica',6,2,20),(46,'Scienza e Ingegneria dei Materiali',9,2,20),(47,'Fisica Generale II',6,2,20),(48,'Elettrotecnica',6,2,20),(49,'Fondamenti dell`ingegneria di processo',6,2,20),(50,'Analisi Matematica II e Complementi di Analisi Matematica',12,2,20),(51,'Termodinamica dell`Ingegneria Chimica',9,2,20),(52,'Scienza delle Costruzioni',9,3,20),(53,'Corrosione e Protezione dei Materiali Metallici',6,3,20),(54,'Processi chimici industriali',9,3,20),(55,'Sistemi Energetici',9,3,20),(56,'Calcolo numerico',9,3,20),(57,'Principi di Ingegneria Chimica',12,3,20),(58,'Economia e Organizzazione Aziendale',6,1,25),(59,'Analisi Matematica I',12,1,25),(60,'Chimica',6,1,25),(61,'Fondamenti di Informatica e Calcolatori',12,1,25),(62,'Fisica Generale I',12,1,25),(63,'Algebra Lineare e Analisi Matematica II',12,1,25),(64,'Elettrotecnica',9,2,25),(65,'Dispositivi Elettronici',9,2,25),(66,'Fisica Generale II',6,2,25),(67,'Automatica',6,2,25),(68,'Calcolo numerico',6,2,25),(69,'Segnali deterministici',9,2,25),(70,'Fisica Tecnica',6,2,25),(71,'Architetture dei Sistemi Elettronici',9,2,25),(72,'Sistemi di elaborazione',6,3,25),(73,'Laboratorio di Elettronica',6,3,25),(74,'Misure Elettroniche e Strumentazione',9,3,25),(75,'Segnali aleatori',6,3,25),(76,'Elettronica',9,3,25),(77,'Elettronica Digitale',6,3,25),(78,'Fondamenti di tecnologia per la produzione',6,1,26),(79,'Fisica Generale I',12,1,26),(80,'Algebra Lineare e Statistica I',12,1,26),(81,'Organizzazione d`Impresa',6,1,26),(82,'Analisi Matematica',15,1,26),(83,'Istituzioni di Economia',6,1,26),(84,'Tecnologia Meccanica',9,2,26),(85,'Energia e Sistemi Energetici',12,2,26),(86,'Meccanica Applicata',6,2,26),(87,'Fondamenti di Informatica',6,2,26),(88,'Disegno Tecnico Industriale',9,2,26),(89,'Fisica Generale II',6,2,26),(90,'Elettrotecnica',9,2,26),(91,'Gestione della Qualita`',9,3,26),(92,'Controlli Automatici',9,3,26),(93,'Gestione d`impresa',9,3,26),(94,'Gestione dei processi e dei progetti',9,3,26),(95,'Impianti Industriali I',6,3,26),(96,'Base di dati',6,3,26),(97,'Algebra Lineare e Analisi Matematica II',12,1,27),(98,'Analisi Matematica I',12,1,27),(99,'Basi di dati',9,1,27),(100,'Fondamenti di Programmazione',9,1,27),(101,'Fisica Generale I',12,1,27),(102,'Algoritmi e strutture dati',6,1,27),(103,'Ricerca Operativa',9,2,27),(104,'Fondamenti di Automatica',9,2,27),(105,'Reti Logiche',9,2,27),(106,'Progettazione WEB',6,2,27),(107,'Elettrotecnica',6,2,27),(108,'Calcolo Numerico',6,2,27),(109,'Calcolatori Elettronici',9,2,27),(110,'Economia e Organizzazione Aziendale',6,2,27),(111,'Elettronica Digitale',6,3,27),(112,'Sistemi Operativi',9,3,27),(113,'Reti Informatiche',9,3,27),(114,'Ingegneria del software',6,3,27),(115,'Comunicazioni numeriche',9,3,27),(116,'Fisica generale I',12,1,28),(117,'Analisi matematica I',12,1,28),(118,'Chimica',6,1,28),(119,'Geometria e Algebra Lineare',12,1,28),(120,'Disegno Tecnico Industriale',12,1,28),(121,'Materiali strutturali',6,1,28),(122,'Tecnologia meccanica',12,2,28),(123,'Meccanica applicata alle macchine',12,2,28),(124,'Meccanica razionale',6,2,28),(125,'Tecnica delle costruzioni meccaniche',12,2,28),(126,'Analisi matematica II',6,2,28),(127,'Fisica generale II',6,2,28),(128,'Macchine',9,3,28),(129,'Fondamenti di Impianti Nucleari',6,3,28),(130,'Fisica tecnica',9,3,28),(131,'Fondamenti di automatica',6,3,28),(132,'Impianti meccanici',6,3,28),(133,'Elettrotecnica ed azionamenti elettrici',9,3,28),(134,'Sicurezza e analisi di rischio',9,3,28),(135,'Elementi costruttivi delle macchine',9,3,28);
/*!40000 ALTER TABLE `subject` ENABLE KEYS */;
UNLOCK TABLES;
/*!50003 SET @saved_cs_client      = @@character_set_client */ ;
/*!50003 SET @saved_cs_results     = @@character_set_results */ ;
/*!50003 SET @saved_col_connection = @@collation_connection */ ;
/*!50003 SET character_set_client  = utf8 */ ;
/*!50003 SET character_set_results = utf8 */ ;
/*!50003 SET collation_connection  = utf8_general_ci */ ;
/*!50003 SET @saved_sql_mode       = @@sql_mode */ ;
/*!50003 SET sql_mode              = 'NO_ENGINE_SUBSTITUTION' */ ;
DELIMITER ;;
/*!50003 CREATE*/ /*!50017 DEFINER=`root`@`localhost`*/ /*!50003 trigger BI_subject
before insert on subject
for each row
begin
    if(new.cfu <= 0) then
        signal sqlstate '45000' set message_text = 'CFU field not valid; CFU must be greater than 0';
    end if;
    if(new.year <= 0) then
        signal sqlstate '45000' set message_text = 'year field not valid; year must be greater than 0';
    end if;
end */;;
DELIMITER ;
/*!50003 SET sql_mode              = @saved_sql_mode */ ;
/*!50003 SET character_set_client  = @saved_cs_client */ ;
/*!50003 SET character_set_results = @saved_cs_results */ ;
/*!50003 SET collation_connection  = @saved_col_connection */ ;
/*!50003 SET @saved_cs_client      = @@character_set_client */ ;
/*!50003 SET @saved_cs_results     = @@character_set_results */ ;
/*!50003 SET @saved_col_connection = @@collation_connection */ ;
/*!50003 SET character_set_client  = utf8 */ ;
/*!50003 SET character_set_results = utf8 */ ;
/*!50003 SET collation_connection  = utf8_general_ci */ ;
/*!50003 SET @saved_sql_mode       = @@sql_mode */ ;
/*!50003 SET sql_mode              = 'NO_ENGINE_SUBSTITUTION' */ ;
DELIMITER ;;
/*!50003 CREATE*/ /*!50017 DEFINER=`root`@`localhost`*/ /*!50003 trigger BU_subject
before update on subject
for each row
begin
    if(new.cfu <= 0) then
        signal sqlstate '45000' set message_text = 'CFU field not valid; CFU must be greater than 0';
    end if;
    if(new.year <= 0) then
        signal sqlstate '45000' set message_text = 'year field not valid; year must be greater than 0';
    end if;
end */;;
DELIMITER ;
/*!50003 SET sql_mode              = @saved_sql_mode */ ;
/*!50003 SET character_set_client  = @saved_cs_client */ ;
/*!50003 SET character_set_results = @saved_cs_results */ ;
/*!50003 SET collation_connection  = @saved_col_connection */ ;

--
-- Table structure for table `user`
--

DROP TABLE IF EXISTS `user`;
/*!40101 SET @saved_cs_client     = @@character_set_client */;
/*!40101 SET character_set_client = utf8 */;
CREATE TABLE `user` (
  `id` int(11) NOT NULL AUTO_INCREMENT,
  `name` varchar(128) NOT NULL,
  `surname` varchar(128) NOT NULL,
  `email` varchar(256) NOT NULL,
  `password` varchar(512) NOT NULL,
  PRIMARY KEY (`id`),
  UNIQUE KEY `email` (`email`)
) ENGINE=InnoDB AUTO_INCREMENT=2 DEFAULT CHARSET=latin1;
/*!40101 SET character_set_client = @saved_cs_client */;

--
-- Dumping data for table `user`
--

LOCK TABLES `user` WRITE;
/*!40000 ALTER TABLE `user` DISABLE KEYS */;
INSERT INTO `user` VALUES (-24,'Martina','Greco','m.greco15@studenti.unipi.it','$2y$10$mITUjsyBKx6oU8QgtcVenuDDXAAh2zmkSAoIUEfow5aL1.VJru1wK'),(-23,'Enrico','Mancini','e.mancini14@studenti.unipi.it','$2y$10$mITUjsyBKx6oU8QgtcVenuDDXAAh2zmkSAoIUEfow5aL1.VJru1wK'),(-22,'Sara','Caruso','s.caruso13@studenti.unipi.it','$2y$10$mITUjsyBKx6oU8QgtcVenuDDXAAh2zmkSAoIUEfow5aL1.VJru1wK'),(-21,'Davide','Rinaldi','d.rinaldi12@studenti.unipi.it','$2y$10$mITUjsyBKx6oU8QgtcVenuDDXAAh2zmkSAoIUEfow5aL1.VJru1wK'),(-20,'Giulia','Pellegrini','g.pellegrini11@studenti.unipi.it','$2y$10$mITUjsyBKx6oU8QgtcVenuDDXAAh2zmkSAoIUEfow5aL1.VJru1wK'),(-19,'Francesco','Lombardi','f.lombardi10@studenti.unipi.it','$2y$10$mITUjsyBKx6oU8QgtcVenuDDXAAh2zmkSAoIUEfow5aL1.VJru1wK'),(-18,'Elena','Fabbri','e.fabbri9@studenti.unipi.it','$2y$10$mITUjsyBKx6oU8QgtcVenuDDXAAh2zmkSAoIUEfow5aL1.VJru1wK'),(-17,'Paolo','Barbieri','p.barbieri8@studenti.unipi.it','$2y$10$mITUjsyBKx6oU8QgtcVenuDDXAAh2zmkSAoIUEfow5aL1.VJru1wK'),(-16,'Simona','Galli','s.galli7@studenti.unipi.it','$2y$10$mITUjsyBKx6oU8QgtcVenuDDXAAh2zmkSAoIUEfow5aL1.VJru1wK'),(-15,'Roberto','Conti','r.conti6@studenti.unipi.it','$2y$10$mITUjsyBKx6oU8QgtcVenuDDXAAh2zmkSAoIUEfow5aL1.VJru1wK'),(-14,'Anna','Russo','a.russo5@studenti.unipi.it','$2y$10$mITUjsyBKx6oU8QgtcVenuDDXAAh2zmkSAoIUEfow5aL1.VJru1wK'),(-13,'Giovanni','Martini','g.martini4@studenti.unipi.it','$2y$10$mITUjsyBKx6oU8QgtcVenuDDXAAh2zmkSAoIUEfow5aL1.VJru1wK'),(-12,'Laura','Ferrari','l.ferrari3@studenti.unipi.it','$2y$10$mITUjsyBKx6oU8QgtcVenuDDXAAh2zmkSAoIUEfow5aL1.VJru1wK'),(-11,'Luca','Bianchi','l.bianchi2@studenti.unipi.it','$2y$10$mITUjsyBKx6oU8QgtcVenuDDXAAh2zmkSAoIUEfow5aL1.VJru1wK'),(-10,'Mario','Rossi','m.rossi1@studenti.unipi.it','$2y$10$mITUjsyBKx6oU8QgtcVenuDDXAAh2zmkSAoIUEfow5aL1.VJru1wK'),(-9,'Ilaria','Bianchi','i.bianchi9@studenti.unipi.it','$2y$10$mITUjsyBKx6oU8QgtcVenuDDXAAh2zmkSAoIUEfow5aL1.VJru1wK'),(-8,'Giorgia','Colombo','g.colombo5@studenti.unipi.it','$2y$10$mITUjsyBKx6oU8QgtcVenuDDXAAh2zmkSAoIUEfow5aL1.VJru1wK'),(-7,'Fabio','Nannini','f.nannini3@studenti.unipi.it','$2y$10$mITUjsyBKx6oU8QgtcVenuDDXAAh2zmkSAoIUEfow5aL1.VJru1wK'),(-6,'Emma','Rinaldi','e.rinaldi2@studenti.unipi.it','$2y$10$mITUjsyBKx6oU8QgtcVenuDDXAAh2zmkSAoIUEfow5aL1.VJru1wK'),(-5,'Davide','Bianchi','d.bianchi19@studenti.unipi.it','$2y$10$mITUjsyBKx6oU8QgtcVenuDDXAAh2zmkSAoIUEfow5aL1.VJru1wK'),(-4,'Carlotta','Verdi','c.verdi10@studenti.unipi.it','$2y$10$mITUjsyBKx6oU8QgtcVenuDDXAAh2zmkSAoIUEfow5aL1.VJru1wK'),(-3,'Bruno','Rossi','b.rossi2@studenti.unipi.it','$2y$10$mITUjsyBKx6oU8QgtcVenuDDXAAh2zmkSAoIUEfow5aL1.VJru1wK'),(-2,'Beatrice','Rossi','b.rossi1@studenti.unipi.it','$2y$10$mITUjsyBKx6oU8QgtcVenuDDXAAh2zmkSAoIUEfow5aL1.VJru1wK'),(-1,'Alessandro','Giovannini','a.giovannini@studenti.unipi.it','$2y$10$mITUjsyBKx6oU8QgtcVenuDDXAAh2zmkSAoIUEfow5aL1.VJru1wK'),(1,'Mario','Rossi','m.rossi2@studenti.unipi.it','$2y$10$f/MOYWj.Y1ZRCpdgagoo7.wLJAintD1nD4JiTRsMV89jQ/cXg4pVG');
/*!40000 ALTER TABLE `user` ENABLE KEYS */;
UNLOCK TABLES;
/*!40103 SET TIME_ZONE=@OLD_TIME_ZONE */;

/*!40101 SET SQL_MODE=@OLD_SQL_MODE */;
/*!40014 SET FOREIGN_KEY_CHECKS=@OLD_FOREIGN_KEY_CHECKS */;
/*!40014 SET UNIQUE_CHECKS=@OLD_UNIQUE_CHECKS */;
/*!40101 SET CHARACTER_SET_CLIENT=@OLD_CHARACTER_SET_CLIENT */;
/*!40101 SET CHARACTER_SET_RESULTS=@OLD_CHARACTER_SET_RESULTS */;
/*!40101 SET COLLATION_CONNECTION=@OLD_COLLATION_CONNECTION */;
/*!40111 SET SQL_NOTES=@OLD_SQL_NOTES */;

-- Dump completed on 2024-04-16 18:57:43
